<?xml version="1.0" encoding="UTF-8"?>
<Document id="0000415" source="ADAM" url="https://www.nlm.nih.gov/medlineplus/ency/patientinstructions/000093.htm">
 <!--Answers from the A.D.A.M. medical encyclopedia were removed to comply with the MedlinePlus copyright-->
<Focus>Being active after your heart attack</Focus>
<FocusAnnotations>
	<Category>Disease</Category>
	<UMLS>
		<CUIs>
			<CUI>C0027051</CUI>
		</CUIs>
		<SemanticTypes>
			<SemanticType>T047</SemanticType>
		</SemanticTypes>
		<SemanticGroup>Disorders</SemanticGroup>
	</UMLS>
	<Synonyms>
		<Synonym>Heart attack - activity</Synonym>
	</Synonyms>
</FocusAnnotations>
<QAPairs>
	<QAPair pid="1">
			<Question qid="0000415-1" qtype="information">What is (are) Being active after your heart attack ?</Question>
			<Answer></Answer>
	</QAPair>
	<QAPair pid="2">
			<Question qid="0000415-2" qtype="outlook">What is the outlook for Being active after your heart attack ?</Question>
			<Answer></Answer>
	</QAPair>
	<QAPair pid="5">
			<Question qid="0000415-5" qtype="when to contact a medical professional">Do I need to see a doctor for Being active after your heart attack ?</Question>
			<Answer></Answer>
	</QAPair>
</QAPairs>
</Document>
