<?xml version="1.0" encoding="UTF-8"?>
<Document id="0000437" source="ADAM" url="https://www.nlm.nih.gov/medlineplus/ency/patientinstructions/000787.htm">
 <!--Answers from the A.D.A.M. medical encyclopedia were removed to comply with the MedlinePlus copyright-->
<Focus>Bile acid sequestrants for cholesterol</Focus>
<FocusAnnotations>
	<Category>Other</Category>
	<Synonyms>
		<Synonym>Antilipemic agent</Synonym>
		<Synonym>Bile acid resins</Synonym>
		<Synonym>Colestipol (Colestid)</Synonym>
		<Synonym>Cholestyramine (LoCholest, Prevalite, and Questran)</Synonym>
		<Synonym>Colesevelam (Welchol)</Synonym>
	</Synonyms>
</FocusAnnotations>
<QAPairs>
	<QAPair pid="1">
			<Question qid="0000437-1" qtype="information">Do you have information about Bile acid sequestrants for cholesterol</Question>
			<Answer></Answer>
	</QAPair>
</QAPairs>
</Document>
