<?xml version="1.0" encoding="UTF-8"?>
<Document id="0000463" source="ADAM" url="https://www.nlm.nih.gov/medlineplus/ency/article/003238.htm">
 <!--Answers from the A.D.A.M. medical encyclopedia were removed to comply with the MedlinePlus copyright-->
<Focus>Blackheads</Focus>
<FocusAnnotations>
	<Category>Disease</Category>
	<UMLS>
		<CUIs>
			<CUI>C0333128</CUI>
		</CUIs>
		<SemanticTypes>
			<SemanticType>T047</SemanticType>
		</SemanticTypes>
		<SemanticGroup>Disorders</SemanticGroup>
	</UMLS>
</FocusAnnotations>
<QAPairs>
	<QAPair pid="1">
			<Question qid="0000463-1" qtype="information">What is (are) Blackheads ?</Question>
			<Answer></Answer>
	</QAPair>
	<QAPair pid="2">
			<Question qid="0000463-2" qtype="considerations">What to do for Blackheads ?</Question>
			<Answer></Answer>
	</QAPair>
</QAPairs>
</Document>
