<?xml version="1.0" encoding="UTF-8"?>
<Document id="0000403" source="ADAM" url="https://www.nlm.nih.gov/medlineplus/ency/article/001666.htm">
 <!--Answers from the A.D.A.M. medical encyclopedia were removed to comply with the MedlinePlus copyright-->
<Focus>Bassen-Kornzweig syndrome</Focus>
<FocusAnnotations>
	<Category>Disease</Category>
	<UMLS>
		<CUIs>
			<CUI>C0000744</CUI>
		</CUIs>
		<SemanticTypes>
			<SemanticType>T047</SemanticType>
		</SemanticTypes>
		<SemanticGroup>Disorders</SemanticGroup>
	</UMLS>
	<Synonyms>
		<Synonym>Abetalipoproteinemia</Synonym>
		<Synonym>Acanthocytosis</Synonym>
		<Synonym>Apolipoprotein B deficiency</Synonym>
	</Synonyms>
</FocusAnnotations>
<QAPairs>
	<QAPair pid="1">
			<Question qid="0000403-1" qtype="information">What is (are) Bassen-Kornzweig syndrome ?</Question>
			<Answer></Answer>
	</QAPair>
	<QAPair pid="2">
			<Question qid="0000403-2" qtype="causes">What causes Bassen-Kornzweig syndrome ?</Question>
			<Answer></Answer>
	</QAPair>
	<QAPair pid="3">
			<Question qid="0000403-3" qtype="symptoms">What are the symptoms of Bassen-Kornzweig syndrome ?</Question>
			<Answer></Answer>
	</QAPair>
	<QAPair pid="4">
			<Question qid="0000403-4" qtype="exams and tests">How to diagnose Bassen-Kornzweig syndrome ?</Question>
			<Answer></Answer>
	</QAPair>
	<QAPair pid="5">
			<Question qid="0000403-5" qtype="treatment">What are the treatments for Bassen-Kornzweig syndrome ?</Question>
			<Answer></Answer>
	</QAPair>
	<QAPair pid="6">
			<Question qid="0000403-6" qtype="outlook">What is the outlook for Bassen-Kornzweig syndrome ?</Question>
			<Answer></Answer>
	</QAPair>
	<QAPair pid="7">
			<Question qid="0000403-7" qtype="complications">What are the complications of Bassen-Kornzweig syndrome ?</Question>
			<Answer></Answer>
	</QAPair>
	<QAPair pid="8">
			<Question qid="0000403-8" qtype="when to contact a medical professional">Do I need to see a doctor for Bassen-Kornzweig syndrome ?</Question>
			<Answer></Answer>
	</QAPair>
	<QAPair pid="9">
			<Question qid="0000403-9" qtype="prevention">How to prevent Bassen-Kornzweig syndrome ?</Question>
			<Answer></Answer>
	</QAPair>
</QAPairs>
</Document>
