<?xml version="1.0" encoding="UTF-8"?>
<Document id="0000453" source="ADAM" url="https://www.nlm.nih.gov/medlineplus/ency/article/007555.htm">
 <!--Answers from the A.D.A.M. medical encyclopedia were removed to comply with the MedlinePlus copyright-->
<Focus>Birth control - slow release methods</Focus>
<FocusAnnotations>
	<Category>Disease</Category>
	<UMLS>
		<CUIs>
			<CUI>C2703065</CUI>
		</CUIs>
		<SemanticTypes>
			<SemanticType>T033</SemanticType>
		</SemanticTypes>
		<SemanticGroup>Disorders</SemanticGroup>
	</UMLS>
	<Synonyms>
		<Synonym>Contraception - hormonal methods</Synonym>
		<Synonym>Progestin implants</Synonym>
		<Synonym>Progestin injections</Synonym>
		<Synonym>Skin patch</Synonym>
		<Synonym>Vaginal ring</Synonym>
	</Synonyms>
</FocusAnnotations>
<QAPairs>
	<QAPair pid="1">
			<Question qid="0000453-1" qtype="information">What is (are) Birth control - slow release methods ?</Question>
			<Answer></Answer>
	</QAPair>
	<QAPair pid="2">
			<Question qid="0000453-2" qtype="information">What is (are) Birth control - slow release methods ?</Question>
			<Answer></Answer>
	</QAPair>
</QAPairs>
</Document>
