<?xml version="1.0" encoding="UTF-8"?>
<Document id="0000435" source="ADAM" url="https://www.nlm.nih.gov/medlineplus/ency/article/000474.htm">
 <!--Answers from the A.D.A.M. medical encyclopedia were removed to comply with the MedlinePlus copyright-->
<Focus>Bilateral hydronephrosis</Focus>
<FocusAnnotations>
	<Category>Disease</Category>
	<UMLS>
		<CUIs>
			<CUI>C0521622</CUI>
		</CUIs>
		<SemanticTypes>
			<SemanticType>T047</SemanticType>
		</SemanticTypes>
		<SemanticGroup>Disorders</SemanticGroup>
	</UMLS>
	<Synonyms>
		<Synonym>Hydronephrosis - bilateral</Synonym>
	</Synonyms>
</FocusAnnotations>
<QAPairs>
	<QAPair pid="1">
			<Question qid="0000435-1" qtype="information">What is (are) Bilateral hydronephrosis ?</Question>
			<Answer></Answer>
	</QAPair>
	<QAPair pid="2">
			<Question qid="0000435-2" qtype="causes">What causes Bilateral hydronephrosis ?</Question>
			<Answer></Answer>
	</QAPair>
	<QAPair pid="3">
			<Question qid="0000435-3" qtype="symptoms">What are the symptoms of Bilateral hydronephrosis ?</Question>
			<Answer></Answer>
	</QAPair>
	<QAPair pid="4">
			<Question qid="0000435-4" qtype="exams and tests">How to diagnose Bilateral hydronephrosis ?</Question>
			<Answer></Answer>
	</QAPair>
	<QAPair pid="5">
			<Question qid="0000435-5" qtype="treatment">What are the treatments for Bilateral hydronephrosis ?</Question>
			<Answer></Answer>
	</QAPair>
	<QAPair pid="6">
			<Question qid="0000435-6" qtype="outlook">What is the outlook for Bilateral hydronephrosis ?</Question>
			<Answer></Answer>
	</QAPair>
	<QAPair pid="7">
			<Question qid="0000435-7" qtype="complications">What are the complications of Bilateral hydronephrosis ?</Question>
			<Answer></Answer>
	</QAPair>
	<QAPair pid="8">
			<Question qid="0000435-8" qtype="when to contact a medical professional">Do I need to see a doctor for Bilateral hydronephrosis ?</Question>
			<Answer></Answer>
	</QAPair>
	<QAPair pid="9">
			<Question qid="0000435-9" qtype="prevention">How to prevent Bilateral hydronephrosis ?</Question>
			<Answer></Answer>
	</QAPair>
</QAPairs>
</Document>
