<?xml version="1.0" encoding="UTF-8"?>
<Document id="0000482" source="ADAM" url="https://www.nlm.nih.gov/medlineplus/ency/article/000067.htm">
 <!--Answers from the A.D.A.M. medical encyclopedia were removed to comply with the MedlinePlus copyright-->
<Focus>Blockage of upper airway</Focus>
<FocusAnnotations>
	<Category>Disease</Category>
	<UMLS>
		<CUIs>
			<CUI>C1706968</CUI>
			<CUI>C2237319</CUI>
		</CUIs>
		<SemanticTypes>
			<SemanticType>T033</SemanticType>
		</SemanticTypes>
		<SemanticGroup>Disorders</SemanticGroup>
	</UMLS>
	<Synonyms>
		<Synonym>Airway obstruction - acute upper</Synonym>
	</Synonyms>
</FocusAnnotations>
<QAPairs>
	<QAPair pid="1">
			<Question qid="0000482-1" qtype="information">What is (are) Blockage of upper airway ?</Question>
			<Answer></Answer>
	</QAPair>
	<QAPair pid="2">
			<Question qid="0000482-2" qtype="causes">What causes Blockage of upper airway ?</Question>
			<Answer></Answer>
	</QAPair>
	<QAPair pid="3">
			<Question qid="0000482-3" qtype="symptoms">What are the symptoms of Blockage of upper airway ?</Question>
			<Answer></Answer>
	</QAPair>
	<QAPair pid="4">
			<Question qid="0000482-4" qtype="exams and tests">How to diagnose Blockage of upper airway ?</Question>
			<Answer></Answer>
	</QAPair>
	<QAPair pid="5">
			<Question qid="0000482-5" qtype="treatment">What are the treatments for Blockage of upper airway ?</Question>
			<Answer></Answer>
	</QAPair>
	<QAPair pid="6">
			<Question qid="0000482-6" qtype="outlook">What is the outlook for Blockage of upper airway ?</Question>
			<Answer></Answer>
	</QAPair>
	<QAPair pid="7">
			<Question qid="0000482-7" qtype="complications">What are the complications of Blockage of upper airway ?</Question>
			<Answer></Answer>
	</QAPair>
	<QAPair pid="8">
			<Question qid="0000482-8" qtype="when to contact a medical professional">Do I need to see a doctor for Blockage of upper airway ?</Question>
			<Answer></Answer>
	</QAPair>
	<QAPair pid="9">
			<Question qid="0000482-9" qtype="prevention">How to prevent Blockage of upper airway ?</Question>
			<Answer></Answer>
	</QAPair>
</QAPairs>
</Document>
