<?xml version="1.0" encoding="UTF-8"?>
<Document id="0000489" source="ADAM" url="https://www.nlm.nih.gov/medlineplus/ency/article/003163.htm">
 <!--Answers from the A.D.A.M. medical encyclopedia were removed to comply with the MedlinePlus copyright-->
<Focus>Blood in the semen</Focus>
<FocusAnnotations>
	<Category>Disease</Category>
	<UMLS>
		<CUIs>
			<CUI>C0149707</CUI>
		</CUIs>
		<SemanticTypes>
			<SemanticType>T033</SemanticType>
		</SemanticTypes>
		<SemanticGroup>Disorders</SemanticGroup>
	</UMLS>
	<Synonyms>
		<Synonym>Semen - bloody</Synonym>
		<Synonym>Blood in ejaculation</Synonym>
	</Synonyms>
</FocusAnnotations>
<QAPairs>
	<QAPair pid="1">
			<Question qid="0000489-1" qtype="information">What is (are) Blood in the semen ?</Question>
			<Answer></Answer>
	</QAPair>
	<QAPair pid="2">
			<Question qid="0000489-2" qtype="causes">What causes Blood in the semen ?</Question>
			<Answer></Answer>
	</QAPair>
	<QAPair pid="3">
			<Question qid="0000489-3" qtype="considerations">What to do for Blood in the semen ?</Question>
			<Answer></Answer>
	</QAPair>
	<QAPair pid="4">
			<Question qid="0000489-4" qtype="when to contact a medical professional">Do I need to see a doctor for Blood in the semen ?</Question>
			<Answer></Answer>
	</QAPair>
	<QAPair pid="5">
			<Question qid="0000489-5" qtype="outlook">What is the outlook for Blood in the semen ?</Question>
			<Answer></Answer>
	</QAPair>
</QAPairs>
</Document>
