<?xml version="1.0" encoding="UTF-8"?>
<Document id="0000497" source="ADAM" url="https://www.nlm.nih.gov/medlineplus/ency/article/003130.htm">
 <!--Answers from the A.D.A.M. medical encyclopedia were removed to comply with the MedlinePlus copyright-->
<Focus>Bloody or tarry stools</Focus>
<FocusAnnotations>
	<Category>Other</Category>
	<Synonyms>
		<Synonym>Stools - bloody</Synonym>
		<Synonym>Hematochezia</Synonym>
		<Synonym>Melena</Synonym>
		<Synonym>Stools - black or tarry</Synonym>
	</Synonyms>
</FocusAnnotations>
<QAPairs>
	<QAPair pid="1">
			<Question qid="0000497-1" qtype="information">Do you have information about Bloody or tarry stools</Question>
			<Answer></Answer>
	</QAPair>
</QAPairs>
</Document>
