<?xml version="1.0" encoding="UTF-8"?>
<Document id="0000476" source="ADAM" url="https://www.nlm.nih.gov/medlineplus/ency/article/003235.htm">
 <!--Answers from the A.D.A.M. medical encyclopedia were removed to comply with the MedlinePlus copyright-->
<Focus>Bleeding into the skin</Focus>
<FocusAnnotations>
	<Category>Other</Category>
	<Synonyms>
		<Synonym>Ecchymoses</Synonym>
		<Synonym>Skin spots - red</Synonym>
		<Synonym>Pinpoint red spots on the skin</Synonym>
		<Synonym>Petechiae</Synonym>
	</Synonyms>
</FocusAnnotations>
<QAPairs>
	<QAPair pid="1">
			<Question qid="0000476-1" qtype="information">Do you have information about Bleeding into the skin</Question>
			<Answer></Answer>
	</QAPair>
</QAPairs>
</Document>
