<?xml version="1.0" encoding="UTF-8"?>
<Document id="0000433" source="ADAM" url="https://www.nlm.nih.gov/medlineplus/ency/article/007325.htm">
 <!--Answers from the A.D.A.M. medical encyclopedia were removed to comply with the MedlinePlus copyright-->
<Focus>Bicuspid aortic valve</Focus>
<FocusAnnotations>
	<Category>Disease</Category>
	<UMLS>
		<CUIs>
			<CUI>C0149630</CUI>
			<CUI>C3542024</CUI>
		</CUIs>
		<SemanticTypes>
			<SemanticType>T019</SemanticType>
			<SemanticType>T047</SemanticType>
		</SemanticTypes>
		<SemanticGroup>Disorders</SemanticGroup>
	</UMLS>
	<Synonyms>
		<Synonym>Bicommissural aortic valve</Synonym>
	</Synonyms>
</FocusAnnotations>
<QAPairs>
	<QAPair pid="1">
			<Question qid="0000433-1" qtype="information">What is (are) Bicuspid aortic valve ?</Question>
			<Answer></Answer>
	</QAPair>
	<QAPair pid="2">
			<Question qid="0000433-2" qtype="causes">What causes Bicuspid aortic valve ?</Question>
			<Answer></Answer>
	</QAPair>
	<QAPair pid="3">
			<Question qid="0000433-3" qtype="symptoms">What are the symptoms of Bicuspid aortic valve ?</Question>
			<Answer></Answer>
	</QAPair>
	<QAPair pid="4">
			<Question qid="0000433-4" qtype="exams and tests">How to diagnose Bicuspid aortic valve ?</Question>
			<Answer></Answer>
	</QAPair>
	<QAPair pid="5">
			<Question qid="0000433-5" qtype="treatment">What are the treatments for Bicuspid aortic valve ?</Question>
			<Answer></Answer>
	</QAPair>
	<QAPair pid="6">
			<Question qid="0000433-6" qtype="outlook">What is the outlook for Bicuspid aortic valve ?</Question>
			<Answer></Answer>
	</QAPair>
	<QAPair pid="7">
			<Question qid="0000433-7" qtype="complications">What are the complications of Bicuspid aortic valve ?</Question>
			<Answer></Answer>
	</QAPair>
	<QAPair pid="8">
			<Question qid="0000433-8" qtype="when to contact a medical professional">Do I need to see a doctor for Bicuspid aortic valve ?</Question>
			<Answer></Answer>
	</QAPair>
	<QAPair pid="9">
			<Question qid="0000433-9" qtype="prevention">How to prevent Bicuspid aortic valve ?</Question>
			<Answer></Answer>
	</QAPair>
</QAPairs>
</Document>
