<?xml version="1.0" encoding="UTF-8"?>
<Document id="0000402" source="ADAM" url="https://www.nlm.nih.gov/medlineplus/ency/article/003462.htm">
 <!--Answers from the A.D.A.M. medical encyclopedia were removed to comply with the MedlinePlus copyright-->
<Focus>Basic metabolic panel</Focus>
<FocusAnnotations>
	<Category>Other</Category>
	<Synonyms>
		<Synonym>SMAC7</Synonym>
		<Synonym>Sequential multi-channel analysis with computer-7</Synonym>
		<Synonym>SMA7</Synonym>
		<Synonym>Metabolic panel 7</Synonym>
		<Synonym>CHEM-7</Synonym>
	</Synonyms>
</FocusAnnotations>
<QAPairs>
	<QAPair pid="1">
			<Question qid="0000402-1" qtype="information">Do you have information about Basic metabolic panel</Question>
			<Answer></Answer>
	</QAPair>
</QAPairs>
</Document>
