<?xml version="1.0" encoding="UTF-8"?>
<Document id="0000420" source="ADAM" url="https://www.nlm.nih.gov/medlineplus/ency/patientinstructions/000639.htm">
 <!--Answers from the A.D.A.M. medical encyclopedia were removed to comply with the MedlinePlus copyright-->
<Focus>Benefits of breastfeeding</Focus>
<FocusAnnotations>
	<Category>Other</Category>
	<Synonyms>
		<Synonym>Nursing your baby</Synonym>
		<Synonym>Lactation</Synonym>
		<Synonym>Deciding to breastfeed</Synonym>
	</Synonyms>
</FocusAnnotations>
<QAPairs>
	<QAPair pid="1">
			<Question qid="0000420-1" qtype="information">Do you have information about Benefits of breastfeeding</Question>
			<Answer></Answer>
	</QAPair>
</QAPairs>
</Document>
