<?xml version="1.0" encoding="UTF-8"?>
<Document id="0000376" source="ADAM" url="https://www.nlm.nih.gov/medlineplus/ency/article/000689.htm">
 <!--Answers from the A.D.A.M. medical encyclopedia were removed to comply with the MedlinePlus copyright-->
<Focus>Axillary nerve dysfunction</Focus>
<FocusAnnotations>
	<Category>Other</Category>
	<Synonyms>
		<Synonym>Neuropathy - axillary nerve</Synonym>
	</Synonyms>
</FocusAnnotations>
<QAPairs>
	<QAPair pid="1">
			<Question qid="0000376-1" qtype="information">Do you have information about Axillary nerve dysfunction</Question>
			<Answer></Answer>
	</QAPair>
</QAPairs>
</Document>
