<?xml version="1.0" encoding="UTF-8"?>
<Document id="0000439" source="ADAM" url="https://www.nlm.nih.gov/medlineplus/ency/article/000263.htm">
 <!--Answers from the A.D.A.M. medical encyclopedia were removed to comply with the MedlinePlus copyright-->
<Focus>Bile duct obstruction</Focus>
<FocusAnnotations>
	<Category>Disease</Category>
	<UMLS>
		<CUIs>
			<CUI>C0008370</CUI>
		</CUIs>
		<SemanticTypes>
			<SemanticType>T047</SemanticType>
		</SemanticTypes>
		<SemanticGroup>Disorders</SemanticGroup>
	</UMLS>
	<Synonyms>
		<Synonym>Biliary obstruction</Synonym>
	</Synonyms>
</FocusAnnotations>
<QAPairs>
	<QAPair pid="1">
			<Question qid="0000439-1" qtype="information">What is (are) Bile duct obstruction ?</Question>
			<Answer></Answer>
	</QAPair>
	<QAPair pid="2">
			<Question qid="0000439-2" qtype="causes">What causes Bile duct obstruction ?</Question>
			<Answer></Answer>
	</QAPair>
	<QAPair pid="3">
			<Question qid="0000439-3" qtype="symptoms">What are the symptoms of Bile duct obstruction ?</Question>
			<Answer></Answer>
	</QAPair>
	<QAPair pid="4">
			<Question qid="0000439-4" qtype="exams and tests">How to diagnose Bile duct obstruction ?</Question>
			<Answer></Answer>
	</QAPair>
	<QAPair pid="5">
			<Question qid="0000439-5" qtype="treatment">What are the treatments for Bile duct obstruction ?</Question>
			<Answer></Answer>
	</QAPair>
	<QAPair pid="6">
			<Question qid="0000439-6" qtype="outlook">What is the outlook for Bile duct obstruction ?</Question>
			<Answer></Answer>
	</QAPair>
	<QAPair pid="7">
			<Question qid="0000439-7" qtype="complications">What are the complications of Bile duct obstruction ?</Question>
			<Answer></Answer>
	</QAPair>
	<QAPair pid="8">
			<Question qid="0000439-8" qtype="when to contact a medical professional">Do I need to see a doctor for Bile duct obstruction ?</Question>
			<Answer></Answer>
	</QAPair>
	<QAPair pid="9">
			<Question qid="0000439-9" qtype="prevention">How to prevent Bile duct obstruction ?</Question>
			<Answer></Answer>
	</QAPair>
</QAPairs>
</Document>
