<?xml version="1.0" encoding="UTF-8"?>
<Document id="0000445" source="ADAM" url="https://www.nlm.nih.gov/medlineplus/ency/article/003479.htm">
 <!--Answers from the A.D.A.M. medical encyclopedia were removed to comply with the MedlinePlus copyright-->
<Focus>Bilirubin blood test</Focus>
<FocusAnnotations>
	<Category>Other</Category>
	<Synonyms>
		<Synonym>Total bilirubin - blood</Synonym>
		<Synonym>Unconjugated bilirubin - blood</Synonym>
		<Synonym>Indirect bilirubin - blood</Synonym>
		<Synonym>Conjugated bilirubin - blood</Synonym>
		<Synonym>Direct bilirubin - blood</Synonym>
	</Synonyms>
</FocusAnnotations>
<QAPairs>
	<QAPair pid="1">
			<Question qid="0000445-1" qtype="information">Do you have information about Bilirubin blood test</Question>
			<Answer></Answer>
	</QAPair>
</QAPairs>
</Document>
