<?xml version="1.0" encoding="UTF-8"?>
<Document id="0000417" source="ADAM" url="https://www.nlm.nih.gov/medlineplus/ency/article/003080.htm">
 <!--Answers from the A.D.A.M. medical encyclopedia were removed to comply with the MedlinePlus copyright-->
<Focus>Belching</Focus>
<FocusAnnotations>
	<Category>Disease</Category>
	<UMLS>
		<CUIs>
			<CUI>C0014724</CUI>
		</CUIs>
		<SemanticTypes>
			<SemanticType>T184</SemanticType>
		</SemanticTypes>
		<SemanticGroup>Disorders</SemanticGroup>
	</UMLS>
	<Synonyms>
		<Synonym>Burping</Synonym>
		<Synonym>Eructation</Synonym>
		<Synonym>Gas - belching</Synonym>
	</Synonyms>
</FocusAnnotations>
<QAPairs>
	<QAPair pid="1">
			<Question qid="0000417-1" qtype="information">What is (are) Belching ?</Question>
			<Answer></Answer>
	</QAPair>
	<QAPair pid="2">
			<Question qid="0000417-2" qtype="considerations">What to do for Belching ?</Question>
			<Answer></Answer>
	</QAPair>
	<QAPair pid="3">
			<Question qid="0000417-3" qtype="causes">What causes Belching ?</Question>
			<Answer></Answer>
	</QAPair>
	<QAPair pid="4">
			<Question qid="0000417-4" qtype="considerations">What to do for Belching ?</Question>
			<Answer></Answer>
	</QAPair>
	<QAPair pid="5">
			<Question qid="0000417-5" qtype="when to contact a medical professional">Do I need to see a doctor for Belching ?</Question>
			<Answer></Answer>
	</QAPair>
	<QAPair pid="6">
			<Question qid="0000417-6" qtype="outlook">What is the outlook for Belching ?</Question>
			<Answer></Answer>
	</QAPair>
</QAPairs>
</Document>
