<?xml version="1.0" encoding="UTF-8"?>
<Document id="0000405" source="ADAM" url="https://www.nlm.nih.gov/medlineplus/ency/patientinstructions/000020.htm">
 <!--Answers from the A.D.A.M. medical encyclopedia were removed to comply with the MedlinePlus copyright-->
<Focus>Bathing an infant</Focus>
<FocusAnnotations>
	<Category>Other</Category>
	<Synonyms>
		<Synonym>Bathing safety tips</Synonym>
		<Synonym>Infant bathing</Synonym>
		<Synonym>Newborn bathing</Synonym>
		<Synonym>Bathing your newborn baby</Synonym>
	</Synonyms>
</FocusAnnotations>
<QAPairs>
	<QAPair pid="1">
			<Question qid="0000405-1" qtype="information">Do you have information about Bathing an infant</Question>
			<Answer></Answer>
	</QAPair>
</QAPairs>
</Document>
