<?xml version="1.0" encoding="UTF-8"?>
<Document id="0000450" source="ADAM" url="https://www.nlm.nih.gov/medlineplus/ency/article/003894.htm">
 <!--Answers from the A.D.A.M. medical encyclopedia were removed to comply with the MedlinePlus copyright-->
<Focus>Biopsy - biliary tract</Focus>
<FocusAnnotations>
	<Category>Other</Category>
	<Synonyms>
		<Synonym>Cytology analysis - biliary tract</Synonym>
		<Synonym>Biliary tract biopsy</Synonym>
	</Synonyms>
</FocusAnnotations>
<QAPairs>
	<QAPair pid="1">
			<Question qid="0000450-1" qtype="information">Do you have information about Biopsy - biliary tract</Question>
			<Answer></Answer>
	</QAPair>
</QAPairs>
</Document>
