<?xml version="1.0" encoding="UTF-8"?>
<Document id="0000404" source="ADAM" url="https://www.nlm.nih.gov/medlineplus/ency/patientinstructions/000427.htm">
 <!--Answers from the A.D.A.M. medical encyclopedia were removed to comply with the MedlinePlus copyright-->
<Focus>Bathing a patient in bed</Focus>
<FocusAnnotations>
	<Category>Disease</Category>
	<UMLS>
		<CUIs>
			<CUI>C0518460</CUI>
		</CUIs>
		<SemanticTypes>
			<SemanticType>T033</SemanticType>
		</SemanticTypes>
		<SemanticGroup>Disorders</SemanticGroup>
	</UMLS>
	<Synonyms>
		<Synonym>Bed bath</Synonym>
		<Synonym>Sponge bath</Synonym>
	</Synonyms>
</FocusAnnotations>
<QAPairs>
	<QAPair pid="1">
			<Question qid="0000404-1" qtype="information">What is (are) Bathing a patient in bed ?</Question>
			<Answer></Answer>
	</QAPair>
</QAPairs>
</Document>
