<?xml version="1.0" encoding="UTF-8"?>
<Document id="0000500" source="ADAM" url="https://www.nlm.nih.gov/medlineplus/ency/article/000838.htm">
 <!--Answers from the A.D.A.M. medical encyclopedia were removed to comply with the MedlinePlus copyright-->
<Focus>Body lice</Focus>
<FocusAnnotations>
	<Category>Disease</Category>
	<UMLS>
		<CUIs>
			<CUI>C0030758</CUI>
		</CUIs>
		<SemanticTypes>
			<SemanticType>T047</SemanticType>
		</SemanticTypes>
		<SemanticGroup>Disorders</SemanticGroup>
	</UMLS>
	<Synonyms>
		<Synonym>Lice - body</Synonym>
		<Synonym>Pediculosis corporis</Synonym>
		<Synonym>Vagabond disease</Synonym>
	</Synonyms>
</FocusAnnotations>
<QAPairs>
	<QAPair pid="1">
			<Question qid="0000500-1" qtype="information">What is (are) Body lice ?</Question>
			<Answer></Answer>
	</QAPair>
	<QAPair pid="2">
			<Question qid="0000500-2" qtype="causes">What causes Body lice ?</Question>
			<Answer></Answer>
	</QAPair>
	<QAPair pid="3">
			<Question qid="0000500-3" qtype="symptoms">What are the symptoms of Body lice ?</Question>
			<Answer></Answer>
	</QAPair>
	<QAPair pid="4">
			<Question qid="0000500-4" qtype="exams and tests">How to diagnose Body lice ?</Question>
			<Answer></Answer>
	</QAPair>
	<QAPair pid="5">
			<Question qid="0000500-5" qtype="treatment">What are the treatments for Body lice ?</Question>
			<Answer></Answer>
	</QAPair>
	<QAPair pid="6">
			<Question qid="0000500-6" qtype="outlook">What is the outlook for Body lice ?</Question>
			<Answer></Answer>
	</QAPair>
	<QAPair pid="7">
			<Question qid="0000500-7" qtype="complications">What are the complications of Body lice ?</Question>
			<Answer></Answer>
	</QAPair>
	<QAPair pid="8">
			<Question qid="0000500-8" qtype="when to contact a medical professional">Do I need to see a doctor for Body lice ?</Question>
			<Answer></Answer>
	</QAPair>
	<QAPair pid="9">
			<Question qid="0000500-9" qtype="prevention">How to prevent Body lice ?</Question>
			<Answer></Answer>
	</QAPair>
</QAPairs>
</Document>
