<?xml version="1.0" encoding="UTF-8"?>
<Document id="0000430" source="ADAM" url="https://www.nlm.nih.gov/medlineplus/ency/article/002578.htm">
 <!--Answers from the A.D.A.M. medical encyclopedia were removed to comply with the MedlinePlus copyright-->
<Focus>Beta blockers overdose</Focus>
<FocusAnnotations>
	<Category>Disease</Category>
	<UMLS>
		<CUIs>
			<CUI>C0573209</CUI>
		</CUIs>
		<SemanticTypes>
			<SemanticType>T037</SemanticType>
		</SemanticTypes>
		<SemanticGroup>Disorders</SemanticGroup>
	</UMLS>
</FocusAnnotations>
<QAPairs>
	<QAPair pid="1">
			<Question qid="0000430-1" qtype="information">What is (are) Beta blockers overdose ?</Question>
			<Answer></Answer>
	</QAPair>
	<QAPair pid="4">
			<Question qid="0000430-4" qtype="symptoms">What are the symptoms of Beta blockers overdose ?</Question>
			<Answer></Answer>
	</QAPair>
	<QAPair pid="5">
			<Question qid="0000430-5" qtype="considerations">What to do for Beta blockers overdose ?</Question>
			<Answer></Answer>
	</QAPair>
	<QAPair pid="8">
			<Question qid="0000430-8" qtype="outlook">What is the outlook for Beta blockers overdose ?</Question>
			<Answer></Answer>
	</QAPair>
	<QAPair pid="9">
			<Question qid="0000430-9" qtype="outlook">What is the outlook for Beta blockers overdose ?</Question>
			<Answer></Answer>
	</QAPair>
</QAPairs>
</Document>
