<?xml version="1.0" encoding="UTF-8"?>
<Document id="0000447" source="ADAM" url="https://www.nlm.nih.gov/medlineplus/ency/article/003265.htm">
 <!--Answers from the A.D.A.M. medical encyclopedia were removed to comply with the MedlinePlus copyright-->
<Focus>Binge eating disorder</Focus>
<FocusAnnotations>
	<Category>Disease</Category>
	<UMLS>
		<CUIs>
			<CUI>C0596170</CUI>
		</CUIs>
		<SemanticTypes>
			<SemanticType>T048</SemanticType>
		</SemanticTypes>
		<SemanticGroup>Disorders</SemanticGroup>
	</UMLS>
	<Synonyms>
		<Synonym>Eating - binge</Synonym>
		<Synonym>Overeating - compulsive</Synonym>
		<Synonym>Compulsive overeating</Synonym>
	</Synonyms>
</FocusAnnotations>
<QAPairs>
	<QAPair pid="1">
			<Question qid="0000447-1" qtype="information">What is (are) Binge eating disorder ?</Question>
			<Answer></Answer>
	</QAPair>
	<QAPair pid="2">
			<Question qid="0000447-2" qtype="causes">What causes Binge eating disorder ?</Question>
			<Answer></Answer>
	</QAPair>
	<QAPair pid="3">
			<Question qid="0000447-3" qtype="symptoms">What are the symptoms of Binge eating disorder ?</Question>
			<Answer></Answer>
	</QAPair>
	<QAPair pid="4">
			<Question qid="0000447-4" qtype="exams and tests">How to diagnose Binge eating disorder ?</Question>
			<Answer></Answer>
	</QAPair>
	<QAPair pid="5">
			<Question qid="0000447-5" qtype="treatment">What are the treatments for Binge eating disorder ?</Question>
			<Answer></Answer>
	</QAPair>
	<QAPair pid="6">
			<Question qid="0000447-6" qtype="support groups">Where to find support for people with Binge eating disorder ?</Question>
			<Answer></Answer>
	</QAPair>
	<QAPair pid="7">
			<Question qid="0000447-7" qtype="outlook">What is the outlook for Binge eating disorder ?</Question>
			<Answer></Answer>
	</QAPair>
	<QAPair pid="8">
			<Question qid="0000447-8" qtype="complications">What are the complications of Binge eating disorder ?</Question>
			<Answer></Answer>
	</QAPair>
	<QAPair pid="9">
			<Question qid="0000447-9" qtype="when to contact a medical professional">Do I need to see a doctor for Binge eating disorder ?</Question>
			<Answer></Answer>
	</QAPair>
</QAPairs>
</Document>
